mean_fit_time,std_fit_time,mean_score_time,std_score_time,param_classifier__C,params,split0_test_score,split1_test_score,split2_test_score,split3_test_score,split4_test_score,mean_test_score,std_test_score,rank_test_score
0.2120217800140381,0.031180328245491835,0.0694469928741455,0.003938305416623867,0.001,{'classifier__C': 0.001},0.8507938675208655,0.8624323434465259,0.8444898426198062,0.8275248670796774,0.8350325891147392,0.8440547019563228,0.012148887750088048,4
0.12810769081115722,0.008641579966062563,0.04919581413269043,0.006512545181184001,0.01,{'classifier__C': 0.01},0.8721931944820938,0.8695072235006958,0.8446332906314267,0.8501749139267133,0.8524016258338708,0.8577820496749601,0.010998801164516165,3
0.12564530372619628,0.011860415236558272,0.04810771942138672,0.004327277726268777,0.1,{'classifier__C': 0.1},0.860118031083401,0.8770686681536037,0.8572748400827483,0.8371406536678266,0.8578450187783769,0.8578894423531913,0.012678337835429165,1
0.11100330352783203,0.015481509371716636,0.04433765411376953,0.01434206613972301,1.0,{'classifier__C': 1.0},0.860118031083401,0.8770686681536037,0.8572748400827483,0.8371406536678266,0.8578450187783769,0.8578894423531913,0.012678337835429165,1
