mean_fit_time,std_fit_time,mean_score_time,std_score_time,param_classifier__C,params,split0_test_score,split1_test_score,split2_test_score,split3_test_score,split4_test_score,mean_test_score,std_test_score,rank_test_score
0.010052204132080078,0.0031938273359450025,0.0022423267364501953,0.0001560037458676611,0.001,{'classifier__C': 0.001},0.5816666666666667,0.4333333333333333,0.5133333333333334,0.45999999999999996,0.5119047619047619,0.5000476190476191,0.05105561415712726,4
0.011706781387329102,0.001162268730349581,0.002290773391723633,0.00026532289859123876,0.01,{'classifier__C': 0.01},0.6657142857142857,0.74,0.735,0.7633333333333333,0.8566666666666667,0.752142857142857,0.06158194216576017,1
0.00644841194152832,0.0005543583910034177,0.0029979705810546874,0.0013945859553289527,0.1,{'classifier__C': 0.1},0.6657142857142857,0.74,0.735,0.7633333333333333,0.8566666666666667,0.752142857142857,0.06158194216576017,1
0.011493921279907227,0.003984321043255857,0.002563142776489258,0.0011515505180049318,1.0,{'classifier__C': 1.0},0.6657142857142857,0.74,0.735,0.7633333333333333,0.8566666666666667,0.752142857142857,0.06158194216576017,1
