mean_fit_time,std_fit_time,mean_score_time,std_score_time,param_classifier__C,params,split0_test_score,split1_test_score,split2_test_score,split3_test_score,split4_test_score,mean_test_score,std_test_score,rank_test_score
8.264821624755859,0.38366707261715505,2.640831136703491,0.04320721736857927,0.001,{'classifier__C': 0.001},0.9003863936389604,0.9041215552436664,0.913945032630415,0.9294792891605737,0.9118086755935539,0.9119481892534338,0.010062580476610442,2
5.393552637100219,0.23547676579274093,2.5200830459594727,0.3023242455762639,0.01,{'classifier__C': 0.01},0.9033748748939013,0.8995141666749069,0.9135801612245803,0.9368301486908794,0.9207440373769407,0.9148086777722417,0.013314179253206854,1
6.668768405914307,1.2577265623752754,2.8740472316741945,0.37304560493085587,0.1,{'classifier__C': 0.1},0.8997722236052264,0.890181953662698,0.9008733450179452,0.9248784924028561,0.8990380726203719,0.9029488174618197,0.011606857575543724,3
6.575951051712036,1.6004394888326834,1.6595402717590333,0.5526665894258591,1.0,{'classifier__C': 1.0},0.8987783685641666,0.890181953662698,0.8988682349394408,0.9238663973589569,0.8990380726203719,0.9021466054291268,0.0113724048664849,4
