mean_fit_time,std_fit_time,mean_score_time,std_score_time,param_classifier__C,params,split0_test_score,split1_test_score,split2_test_score,split3_test_score,split4_test_score,mean_test_score,std_test_score,rank_test_score
5.774018049240112,0.22718923542072486,1.7988884925842286,0.05627372539138407,0.001,{'classifier__C': 0.001},0.9040042858830286,0.8657537994094279,0.9339993307805242,0.9132946610871991,0.9321738514482789,0.9098451857216918,0.024787324885161034,1
3.700087881088257,0.11282224395154078,1.3821019172668456,0.07486853894464167,0.01,{'classifier__C': 0.01},0.9029652878990972,0.8706646732292098,0.9291867126953232,0.9152547241356009,0.9197671085834264,0.9075677013085315,0.020289471169842827,2
3.7664737701416016,0.39830220087477763,1.4786926746368407,0.21276156188860237,0.1,{'classifier__C': 0.1},0.8979614923068915,0.8608942164666592,0.9183130695621259,0.9016762104673219,0.9137785252950481,0.8985247028196092,0.02025122844739711,3
3.693909692764282,0.39732430744390174,1.0150379180908202,0.33914863655919425,1.0,{'classifier__C': 1.0},0.8954603748933969,0.8608942164666592,0.9183130695621259,0.9004968186127507,0.9137785252950481,0.8977886009659961,0.020252813030562252,4
