mean_fit_time,std_fit_time,mean_score_time,std_score_time,param_classifier__C,params,split0_test_score,split1_test_score,split2_test_score,split3_test_score,split4_test_score,mean_test_score,std_test_score,rank_test_score
1.2537785053253174,0.03801667040386486,0.51760835647583,0.013692751421738208,0.001,{'classifier__C': 0.001},0.8854290983060521,0.8448440520049584,0.8596546290995659,0.8888641963587569,0.9208983775147592,0.8799380706568185,0.02619382365799887,1
0.9044350147247314,0.03504038785280374,0.4256927490234375,0.02368261385168641,0.01,{'classifier__C': 0.01},0.8929219924079342,0.849416076666577,0.842940091434167,0.879070210728347,0.9269518959240048,0.878260053432206,0.030548319252677966,2
0.8610007762908936,0.04088298579269671,0.4061880588531494,0.0378531007620927,0.1,{'classifier__C': 0.1},0.8799083527238466,0.8416277354458727,0.8242871838290791,0.8844335586222931,0.9131789421707077,0.8686871545583598,0.031802368646446054,3
0.8627277374267578,0.017875990934971497,0.33590197563171387,0.05911393881856244,1.0,{'classifier__C': 1.0},0.8799083527238466,0.8416277354458727,0.8242871838290791,0.8844335586222931,0.9131789421707077,0.8686871545583598,0.031802368646446054,3
