mean_fit_time,std_fit_time,mean_score_time,std_score_time,param_classifier__C,params,split0_test_score,split1_test_score,split2_test_score,split3_test_score,split4_test_score,mean_test_score,std_test_score,rank_test_score
0.21387758255004882,0.020209312108524856,0.09430527687072754,0.010671349566666035,0.001,{'classifier__C': 0.001},0.8914935225187002,0.8675817006851491,0.8219311947218925,0.8395050757639823,0.856560271653151,0.8554143530685749,0.02377095262230489,2
0.1708911895751953,0.009782275641669676,0.08521695137023926,0.01227355540864993,0.01,{'classifier__C': 0.01},0.8916658845084159,0.8589950071056165,0.8384963044168986,0.8803584261353018,0.8324233342812795,0.8603877912895024,0.02297970092319008,1
0.17194843292236328,0.013650916347076561,0.07496371269226074,0.010031719332632303,0.1,{'classifier__C': 0.1},0.8863659874777813,0.8489431124474599,0.8412265128593729,0.8699089019933008,0.8226187170993955,0.8538126463754621,0.02224407248270776,3
0.15752015113830567,0.01461581037543414,0.05333943367004394,0.025589495098542206,1.0,{'classifier__C': 1.0},0.8863659874777813,0.8489431124474599,0.8412265128593729,0.8699089019933008,0.8226187170993955,0.8538126463754621,0.02224407248270776,3
