mean_fit_time,std_fit_time,mean_score_time,std_score_time,param_classifier__C,params,split0_test_score,split1_test_score,split2_test_score,split3_test_score,split4_test_score,mean_test_score,std_test_score,rank_test_score
0.20159831047058105,0.031529939666121914,0.08836641311645507,0.022008692242353682,0.001,{'classifier__C': 0.001},0.8785214932995646,0.8594467271911593,0.8245041490454629,0.7539054639054639,0.8771815966671938,0.8387118860217688,0.04666614646450186,4
0.16265449523925782,0.01802393574072109,0.05438995361328125,0.0021565272174520547,0.01,{'classifier__C': 0.01},0.8941345024362104,0.8494701369091613,0.8284514951131605,0.8213936182191702,0.8316926109857798,0.8450284727326964,0.026238819627818263,1
0.15604767799377442,0.005494318774090578,0.05111217498779297,0.004668944032828712,0.1,{'classifier__C': 0.1},0.894880784309402,0.8543516673687851,0.8113357382413062,0.8088902299728422,0.8272928976120582,0.8393502635008788,0.03214556952209464,2
0.13855180740356446,0.016017173449244963,0.03934512138366699,0.017025076833681516,1.0,{'classifier__C': 1.0},0.894880784309402,0.8543516673687851,0.8113357382413062,0.8088902299728422,0.8272928976120582,0.8393502635008788,0.03214556952209464,2
