mean_fit_time,std_fit_time,mean_score_time,std_score_time,param_classifier__C,params,split0_test_score,split1_test_score,split2_test_score,split3_test_score,split4_test_score,mean_test_score,std_test_score,rank_test_score
0.0442746639251709,0.012682439551145558,0.011011266708374023,0.009976702960120345,0.001,{'classifier__C': 0.001},0.808868090973354,0.8744059861706919,0.7532010172490048,0.7821392659627954,0.6838600288600287,0.7804948778431748,0.06278580789804429,4
0.03259830474853516,0.00566169769906369,0.009493732452392578,0.0039008323473714046,0.01,{'classifier__C': 0.01},0.8095499108734403,0.909142899584076,0.8470299145299144,0.8251587301587302,0.7109608228029279,0.8203684555898179,0.06434555625924902,1
0.040415716171264646,0.006483550695597682,0.007365703582763672,0.002334622176677477,0.1,{'classifier__C': 0.1},0.8095499108734403,0.909142899584076,0.8470299145299144,0.8251587301587302,0.7109608228029279,0.8203684555898179,0.06434555625924902,1
0.03234014511108398,0.0029682951455652805,0.006558275222778321,0.0018255503979505408,1.0,{'classifier__C': 1.0},0.8095499108734403,0.909142899584076,0.8470299145299144,0.8251587301587302,0.7109608228029279,0.8203684555898179,0.06434555625924902,1
