mean_fit_time,std_fit_time,mean_score_time,std_score_time,param_classifier__C,params,split0_test_score,split1_test_score,split2_test_score,split3_test_score,split4_test_score,mean_test_score,std_test_score,rank_test_score
0.08550949096679687,0.0054373493873959245,0.019210147857666015,0.003151293426912838,0.001,{'classifier__C': 0.001},0.8210866501919135,0.848092569251541,0.8790669481839558,0.8115894150859827,0.7772119223512413,0.8274095010129269,0.03436955520435961,4
0.0691978931427002,0.010772359631588018,0.01927189826965332,0.0015630442341599696,0.01,{'classifier__C': 0.01},0.8485633249955502,0.8888303600200222,0.8830068607153008,0.8274869503748222,0.8395239704831845,0.857482293317776,0.02423210589292209,1
0.06554875373840333,0.004233376292309957,0.022849130630493163,0.009271811907794268,0.1,{'classifier__C': 0.1},0.8485633249955502,0.8888303600200222,0.8751101680359994,0.8274869503748222,0.8438900161872299,0.8567761639227248,0.02215837878198187,2
0.07179689407348633,0.010209497126479061,0.016589832305908204,0.0044668813953711054,1.0,{'classifier__C': 1.0},0.8485633249955502,0.8888303600200222,0.8751101680359994,0.8274869503748222,0.8438900161872299,0.8567761639227248,0.02215837878198187,2
