mean_fit_time,std_fit_time,mean_score_time,std_score_time,param_classifier__C,params,split0_test_score,split1_test_score,split2_test_score,split3_test_score,split4_test_score,mean_test_score,std_test_score,rank_test_score
0.11844978332519532,0.008182910669766674,0.04013810157775879,0.006031656064900703,0.001,{'classifier__C': 0.001},0.8269155713382362,0.8317884166878475,0.8745891378427529,0.8320571818862732,0.8461808074457394,0.8423062230401698,0.017376640914262872,4
0.11004219055175782,0.007304067377480446,0.038924121856689455,0.009554680404809234,0.01,{'classifier__C': 0.01},0.8665035091949793,0.8645737789326573,0.8880676565676566,0.8275011944676771,0.825948910520448,0.8545190099366836,0.02415140255213039,1
0.09924325942993165,0.009714269078303374,0.03428549766540527,0.008398142135598028,0.1,{'classifier__C': 0.1},0.8665035091949793,0.8712404455993239,0.8748906147615825,0.8275011944676771,0.8323480631036249,0.8544967654254376,0.0202965399924911,2
0.09615945816040039,0.010772675201888572,0.035596609115600586,0.00878053121136143,1.0,{'classifier__C': 1.0},0.8665035091949793,0.8712404455993239,0.8748906147615825,0.8275011944676771,0.8323480631036249,0.8544967654254376,0.0202965399924911,2
