mean_fit_time,std_fit_time,mean_score_time,std_score_time,param_classifier__C,params,split0_test_score,split1_test_score,split2_test_score,split3_test_score,split4_test_score,mean_test_score,std_test_score,rank_test_score
3.200881767272949,0.1278999436688539,1.026860761642456,0.012029729071775686,0.001,{'classifier__C': 0.001},0.8914787613854251,0.878220389669816,0.907456034005458,0.908731796020078,0.9108206561602215,0.8993415274481997,0.012599351631876496,2
2.074637794494629,0.029582179134765886,0.7752137184143066,0.02106746862982796,0.01,{'classifier__C': 0.01},0.9029902051131078,0.8711866396586567,0.9127284574106802,0.9096471519998716,0.9116213972908895,0.9016347702946412,0.015594401148836489,1
1.9789144039154052,0.06113737751255127,0.769968843460083,0.01883487603572866,0.1,{'classifier__C': 0.1},0.8855422052156211,0.8720010709297178,0.9039345510144452,0.8956239966414292,0.9074488646134379,0.8929101376829303,0.012897695932558654,3
2.046148920059204,0.06918441108360912,0.6386212348937989,0.14418798193660132,1.0,{'classifier__C': 1.0},0.8855422052156211,0.8720010709297178,0.9039345510144452,0.8956239966414292,0.9074488646134379,0.8929101376829303,0.012897695932558654,3
