mean_fit_time,std_fit_time,mean_score_time,std_score_time,param_classifier__C,params,split0_test_score,split1_test_score,split2_test_score,split3_test_score,split4_test_score,mean_test_score,std_test_score,rank_test_score
0.07679615020751954,0.0057989980251921215,0.016897964477539062,0.0019157504961577402,0.001,{'classifier__C': 0.001},0.8190158580594709,0.8430476562629332,0.7724935668047124,0.8854142620028058,0.82055513674255,0.8281052959744946,0.036714789732519605,4
0.06935415267944336,0.01006276218573426,0.01420578956604004,0.002834859990893012,0.01,{'classifier__C': 0.01},0.8538652075951848,0.8777660914225448,0.8178023788489067,0.883975688499015,0.8357873851294905,0.8538393502990284,0.02492077545853901,1
0.061858415603637695,0.0030291414784459837,0.014364051818847656,0.0016244078230560467,0.1,{'classifier__C': 0.1},0.8538652075951848,0.8867932407438118,0.8117902351511702,0.883975688499015,0.8146672497084791,0.8502183243395323,0.03234557419044449,2
0.05766558647155762,0.0026089541312259244,0.011872673034667968,0.0026594002670618524,1.0,{'classifier__C': 1.0},0.8538652075951848,0.8867932407438118,0.8117902351511702,0.883975688499015,0.8146672497084791,0.8502183243395323,0.03234557419044449,2
