mean_fit_time,std_fit_time,mean_score_time,std_score_time,param_classifier__C,params,split0_test_score,split1_test_score,split2_test_score,split3_test_score,split4_test_score,mean_test_score,std_test_score,rank_test_score
0.05025382041931152,0.004499477826020153,0.007849454879760742,0.0006618845694238084,0.001,{'classifier__C': 0.001},0.8166013071895426,0.873958380800486,0.8268040293040293,0.799048349759751,0.8319691990156386,0.8296762532138896,0.024833190603582772,4
0.040668153762817384,0.0015213526455359588,0.012592506408691407,0.005240632020710326,0.01,{'classifier__C': 0.01},0.8161006640418405,0.8889772319184084,0.8228971028971029,0.8286892029539088,0.8625510703606679,0.8438430544343858,0.027658981045021257,1
0.05264081954956055,0.00824982819463414,0.009735345840454102,0.003793580865883166,0.1,{'classifier__C': 0.1},0.8036006640418405,0.8889772319184084,0.8228971028971029,0.8167844410491469,0.8503142282554048,0.8365147336323806,0.030334139406073952,2
0.04230175018310547,0.002272773671250329,0.008538389205932617,0.0006724183328242338,1.0,{'classifier__C': 1.0},0.8036006640418405,0.8889772319184084,0.8228971028971029,0.8167844410491469,0.8503142282554048,0.8365147336323806,0.030334139406073952,2
