mean_fit_time,std_fit_time,mean_score_time,std_score_time,param_classifier__C,params,split0_test_score,split1_test_score,split2_test_score,split3_test_score,split4_test_score,mean_test_score,std_test_score,rank_test_score
0.021349239349365234,0.0017775736407067493,0.003736448287963867,0.0014441237299119098,0.001,{'classifier__C': 0.001},0.718021978021978,0.8061399711399713,0.8342712842712843,0.7140659340659341,0.7564590964590965,0.7657916527916528,0.04766977057657483,4
0.028018856048583986,0.006765352269095811,0.004656076431274414,0.0016590548929337257,0.01,{'classifier__C': 0.01},0.7942857142857143,0.8544733044733045,0.8744805194805195,0.8688888888888888,0.7364069264069263,0.8257070707070706,0.05297703718257935,3
0.02759690284729004,0.004461425878109177,0.005246019363403321,0.0019979216976796256,0.1,{'classifier__C': 0.1},0.7942857142857143,0.8544733044733045,0.8744805194805195,0.8955122655122656,0.7364069264069263,0.831031746031746,0.05813633512178,1
0.01888251304626465,0.0038122201714994686,0.004116964340209961,0.0016910607016567645,1.0,{'classifier__C': 1.0},0.7942857142857143,0.8544733044733045,0.8744805194805195,0.8955122655122656,0.7364069264069263,0.831031746031746,0.05813633512178,1
