mean_fit_time,std_fit_time,mean_score_time,std_score_time,param_classifier__C,params,split0_test_score,split1_test_score,split2_test_score,split3_test_score,split4_test_score,mean_test_score,std_test_score,rank_test_score
507.85275106430055,62.12965641924731,224.70571513175963,36.386879760464396,0.001,{'classifier__C': 0.001},0.9390526633662537,0.935925810312007,0.9369686752840825,0.9312771564642841,0.9419867246647537,0.9370422060182761,0.0035490208761074613,2
378.49756321907046,59.49283553876862,171.80270195007324,27.934275727131805,0.01,{'classifier__C': 0.01},0.9423978179418508,0.9378917847501078,0.9380823090926208,0.9338769940832068,0.9426140091143488,0.938972582996427,0.003253243226357761,1
392.59210510253905,70.80960903307444,125.4801595211029,17.96618416172809,0.1,{'classifier__C': 0.1},0.9336789550387555,0.9235107911978335,0.9289187028672646,0.9258535487782262,0.9351524238138712,0.9294228843391903,0.004447222976354976,3
412.934478187561,68.87518490269157,60.38130421638489,15.039333150360685,1.0,{'classifier__C': 1.0},0.9237541158053558,0.9092608438740755,0.9175409850938829,0.9140120132396877,0.9249099262206857,0.9178955768467375,0.005887104398256019,4
