mean_fit_time,std_fit_time,mean_score_time,std_score_time,param_classifier__C,params,split0_test_score,split1_test_score,split2_test_score,split3_test_score,split4_test_score,mean_test_score,std_test_score,rank_test_score
54.32650198936462,8.872557970293176,19.836028718948363,3.1445336912084976,0.001,{'classifier__C': 0.001},0.931154982526764,0.9343815558252547,0.91986230341011,0.9313817138675464,0.9141780093278087,0.9261917129914968,0.007785039249517342,2
37.10660853385925,5.8566863210111935,15.143545007705688,2.6040113577122956,0.01,{'classifier__C': 0.01},0.931785486486423,0.9407522033601741,0.9251188243984727,0.9364755207348636,0.9119860594029152,0.9292236188765697,0.010060261435206708,1
30.521342325210572,4.412731306727841,12.255972957611084,1.9907357641789987,0.1,{'classifier__C': 0.1},0.9126455100806389,0.9219806640157711,0.9087954627329786,0.9243612312068128,0.8980068944803351,0.9131579525033071,0.009510017514061928,3
29.27808337211609,5.1287564163195025,7.317830562591553,0.7181666197225713,1.0,{'classifier__C': 1.0},0.9063352820850209,0.9160428206906888,0.9011170949790971,0.9157163412538993,0.8881938773587514,0.9054810832734915,0.01034342632764579,4
